subject_id,session_id,trial_id,min_val_C3,max_val_C3,mean_val_C3,energy_C3,min_val_C4,max_val_C4,mean_val_C4,energy_C4,alpha_C3,alpha_C4,erd_C3_pct,erd_C4_pct,coh_C3C4_mu,imcoh_C3C4_mu,plv_C3C4,range_C3,std_C3,skew_C3,kurt_C3,range_C4,std_C4,skew_C4,kurt_C4,peak_freq_C3,peak_freq_C4,mean_freq_C3,mean_freq_C4,bw_C3,bw_C4,beta_power_C3,beta_power_C4,psd_mean_C3,psd_mean_C4,fbcsp_8_12_C3,fbcsp_8_12_C4,fbcsp_12_16_C3,fbcsp_12_16_C4,fbcsp_16_20_C3,fbcsp_16_20_C4,fbcsp_20_24_C3,fbcsp_20_24_C4,fbcsp_24_28_C3,fbcsp_24_28_C4,fbcsp_28_32_C3,fbcsp_28_32_C4,csp1,csp2,csp3
S36,1,1,-3225.5866502133936,1934.3172221069726,-20.5098822684412,338706385.8434278,-5592.215744356445,3989.786852441307,-28.162897190578658,1211680701.9421802,49490175.300901495,187657691.830643,15.680077763466143,17.504498063818232,0.9251606152452264,-0.11583059740240138,0.8452472975032608,5159.903872320367,387.4474367127786,-0.73772458629903,14.998386160433057,9582.002596797753,733.3018530186458,-0.4316612585222486,13.157474601338102,12.555555555555555,12.555555555555555,15.219016115792098,14.857080091782313,6.207247314839075,6.144021834603482,91782097.76597734,316894346.95858634,1093.3737510592875,3873.412951041082,49390462.457227096,187422083.3190312,52447886.302367106,188793428.70961377,25405391.312630467,89914037.32289128,18023745.746599227,55641732.23678448,13874179.233942326,43973031.29743934,5163672.619189261,16629193.994230282,-0.018316663051011116,-4.471298891238734,-5.003042815828777
S36,1,2,-2198.811368908655,2426.0284547111187,-10.663894858498058,222895011.39150402,-3926.8490498600527,4988.564469898531,-34.360931689651764,837767469.954229,41548687.316514745,132188260.17231125,-3.999885138693684,-3.634129350310222,0.9432374513570506,-0.1250243462843925,0.8188135802003097,4624.839823619774,314.56435089466515,0.3531891242847677,17.725529891029677,8915.413519758584,609.229369064603,0.5434976192225542,16.347715292209188,10.222222222222221,9.11111111111111,15.299573581013359,15.443155501888636,6.140188922038192,6.338314763337961,58916734.397301175,228823236.84991375,749.3648925890598,2487.8263571048565,41115439.563189514,130120357.02929291,29486092.033931434,123227986.28970453,10157564.38754187,38101968.00128082,17818593.238031775,73546355.56320736,5393125.305481959,18552745.014409654,5220435.171266234,19823327.69241576,-0.010720006235873434,-4.956399871946871,-5.620030386971982
S36,1,3,-1919.3293469069401,478.98935140480745,21.683910524157444,16566100.727694495,-3744.1473904755107,935.7817106135634,41.31457590913203,66914599.861342415,1922381.7580747781,6986732.852643367,-11.128885781968865,-8.195369087430587,0.3383314656693335,-0.05266003732476448,0.9481148984851775,2398.3186983117475,83.02119885252935,-16.35693102249007,335.8490545012005,4679.929101089074,167.4303675503497,-15.351355671956695,298.09316492515813,0.0,0.0,11.348220605512944,11.326053163646762,11.039639579911178,11.293362302683311,1777080.9102922985,6289866.415882522,0.7113149206317247,0.9100150297181733,1904611.923825735,6928169.59643416,515871.7850615649,1303577.6456477796,333135.79157475056,932042.8258829542,342260.856921402,1253757.629980516,480930.2528930328,2013233.2704210477,459706.6769047662,2108776.864042676,-0.005092416507249574,-5.541465358368686,-6.760461033684218
S36,1,4,-1627.565319094186,1909.871831719436,-17.51269774308729,106020196.74320479,-3084.1572036439984,4366.5799813552,-21.887002978361636,417271667.821874,19566757.742746383,69390706.81037864,10.80460784518941,14.049112792217427,0.9813070074553216,-0.07890548296759976,0.9425452471142384,3537.437150813622,216.3640285703324,1.0372313648627265,30.640479857920994,7450.737184999199,430.08723962485186,1.064187859647982,30.425556673657276,11.11111111111111,16.11111111111111,15.058458651520688,15.780916646074786,7.537507926804566,7.828613118753229,26007377.457663745,111051241.72083905,146.45796651101386,519.2869766114042,19491001.22966971,69031998.91582957,8033224.384861686,28682448.537018377,8589620.662446156,41423872.31001995,4771114.495502874,20181247.38374469,4104023.0956065794,17575312.691174682,1808507.8912480532,7616107.185657312,-0.011722599424367408,-4.85277934923509,-5.560329744569617
S36,1,5,-1928.2792321129336,1893.493754824671,11.95471999015595,128629519.90060562,-4749.758286446766,3157.9583451305753,10.166563750225777,421805710.6011322,22299983.456739876,72711411.60646726,15.133261458417223,20.19875739851033,0.9279218653958258,-0.052002131334278,0.8788999627834602,3821.7729869376044,238.80067039549374,0.08779370380041257,24.228231891855696,7907.716631577341,432.8577661231538,-0.9921347648770146,35.178157693906286,8.666666666666666,8.666666666666666,14.187121532345149,14.314745784797703,6.1454765239432625,5.905638094358864,30458044.62132026,103769873.37825923,517.4057884598566,1834.07610796747,22180160.063506242,72605962.8055884,18979282.75177383,64284019.17714761,8030037.38442715,29804299.574273273,4396338.8384074075,13683669.316169105,3240463.9993696827,9623563.971719822,1772665.6869981792,5257874.418458413,-0.010193584323863872,-5.1243303079667095,-5.474671562519662
S36,1,6,-3044.287865602121,2593.0147958874486,-17.51037047216933,326764499.1900023,-5165.104181628463,5689.9514828535075,-27.486616608465848,1178590894.126969,40266475.09627683,153565624.8912737,6.926453972429969,9.619485932990088,0.9371608627913273,-0.128793481814137,0.8894768256809444,5637.30266148957,380.6862924148899,-0.1269199925704281,11.244036308611673,10855.05566448197,723.2307108212158,0.1897633615464687,12.243661376095067,15.555555555555555,15.555555555555555,16.480765503470572,16.467632043835167,6.219981964175698,6.186526190666413,110299058.38965872,387117038.84978807,1234.1493362298627,4704.58972282279,39770596.17110227,150841278.08278096,40531363.10672455,136787237.57202756,31759658.890486754,110269948.31412092,25500991.574605197,98091489.32850735,12583287.713384809,43612998.762812436,6649641.2798259845,26432040.245185472,-0.018015754796037887,-4.513978717396697,-4.976284025586037
S36,1,7,-2888.354782269287,2695.6522264491373,17.91861038665491,423208173.5200108,-6122.428072386218,4127.493434873254,25.445490947701536,1145161291.4134827,54483458.347468585,133903706.21628836,17.73233691115481,19.080613061542156,0.9388829451383837,-0.1304309855230778,0.916661526040883,5584.007008718425,433.32602618151213,-0.7288333491281034,11.406664044949913,10249.921507259472,712.9607990289355,-1.2197096112610182,16.435120752281993,13.333333333333332,13.333333333333332,15.58665264426028,16.29253091034275,5.754525556258183,5.916965427657629,132384607.99681629,378079588.7437492,1642.1130186035437,4501.773753078694,52513303.597074926,129760929.24505575,80053454.73123129,202873677.01306212,28217446.262972105,80400985.88048415,21919457.4745939,65398950.56810388,17915260.337826144,64202998.52151264,6325265.419623836,20238809.269954074,-0.018201693759461374,-4.659706495138541,-4.759744037316402
S36,1,8,-2593.8743847236224,2278.6229413381084,32.330865397923176,101782544.74099085,-4079.5530627345147,3824.8169857730595,48.547847123374375,362442078.30137694,12924300.301121423,71576112.5098572,-21.330107303152076,-18.401915424561132,0.9671231898992403,-0.15679266757250204,0.9736703950500727,4872.497326061731,210.21751043662576,-2.3141157228843445,62.94933630504278,7904.370048507574,398.40742296502304,-0.9796822173618086,49.12802022122928,0.0,0.0,14.615693005612988,13.896136204698935,8.135591393692197,7.542000538871051,28363006.953623142,82699114.52827977,28.62247160561268,141.16166446068476,12746717.77051836,70832593.10964997,9993312.44421197,25683545.672656164,9293348.218645765,28000214.015726846,5012616.343359426,17459023.229823634,5117833.50540011,14531626.424285743,845929.4960178096,2743645.0558385137,-0.01809097471184917,-4.508885093077148,-4.973688396655316
S36,1,9,-1683.4204897477914,1567.0204760387307,-16.782727253075464,57944240.02963996,-3091.2251932928025,2908.5482379043424,-21.371983438931505,166529185.03479007,7190620.99315517,24068941.358986255,9.40347315957969,12.470700222661144,0.9149639505989454,-0.0918157617247864,0.8682907773528818,3250.440965786522,159.5974173809769,-0.1051620592187352,47.81863617178752,5999.773431197145,271.2124802630945,-0.7222263113619957,57.1370921560039,0.0,9.0,15.646182599022689,15.445243602126801,7.076293560570964,6.691699214443067,17829434.290478412,49532514.16040454,199.95553657476475,629.3973953645751,7097650.176900674,23813954.61484967,8969072.143017033,26851300.692247152,3053860.513182572,7397227.8084773,3073786.5982507975,9537365.527032351,4266752.267088107,10534516.147803174,606370.390992472,1900541.9708454527,-0.02016095064610074,-4.50055605485239,-4.726631113388349
S36,1,10,-498.02384770960794,1564.8850498850488,-18.688756140698025,11504986.67624166,-1428.9318054294286,2154.1860465750115,-26.387408081306454,27105527.72552848,1910354.281862308,4833965.6152652055,-9.478135197602052,-3.924482840527536,0.39505191602230705,-0.06170159109388106,0.8818117871829529,2062.908897594657,69.02215445475808,14.726492003096745,312.21663628756875,3583.11785200444,106.53922238357383,7.97255024770024,227.37019142159636,0.0,0.0,12.447527189738468,13.323079704878564,9.882665991402504,9.454670312292725,2174289.6777595794,6087722.18201427,0.9073804095791883,0.5157437617862313,1871861.789893814,4704965.994957429,1010042.4746330064,3141077.168703247,653406.9463301698,1888338.5255207908,454898.15944134694,1285002.0123914583,281646.67905366933,675637.0123636785,117817.91731664418,124143.51333941202,-0.02200984160200659,-4.471799618451846,-4.571478307837188
S37,1,1,-1235.5611283880705,765.1058167737431,15.780639681218357,11129625.88113833,-2597.3221499292354,2692.944228309528,19.369094764740897,228353641.41254348,1864957.5418178462,42546322.656379804,-2.605344689533327,-3.3843117059641896,0.24659589414241237,0.062101707684687056,0.20632386979405945,2000.6669451618136,68.53810475106962,-6.065412158045092,140.1027985378929,5290.2663782387635,317.98639194540743,0.12771700404187947,17.535581669421386,0.0,12.0,13.264619559279648,14.13042558995199,8.954070449831038,5.2943702980763705,2471770.083035575,58000242.225221604,5.923778864499185,321.40466749325384,1816393.4692569948,37702566.84437488,1313153.950258932,45014814.3886443,743772.806107459,11915291.648539932,609358.5655176498,10517379.17804477,234074.7802468159,3859407.598341511,65284.249142372064,974146.4212328137,-0.10032836766124902,-2.4168769757640303,-5.073591608760985
S37,1,2,-1289.5871607796055,966.2312525384889,16.01403937920048,10745839.944700217,-922.9031324986729,696.7493544834464,13.183923595724512,79806685.0257396,2004669.5349157897,21566570.343456417,-2.5530890246485907,6.763481580557697,0.2895108635622583,0.005132982264984315,0.26565237971565864,2255.8184133180944,67.22707346800561,-5.783868977112483,201.45945835158676,1619.6524869821192,187.87182318761828,-0.1548583215026171,0.2610636380351363,0.0,11.0,13.423619525581762,13.389205499976175,9.28332334677696,5.273605448398275,2448684.556775229,14841119.990021963,0.9953074521253713,258.46707620309246,1948137.9789730543,20537737.17926539,1254426.6010058534,10112671.844887752,762515.139266537,2635943.646558381,505323.55527981184,3571207.603646252,273873.8887002113,1709076.812674409,38806.86871094685,358576.82189818745,-0.10548341077410256,-2.402380777841358,-4.645120902199445
S37,1,3,-443.5290479913406,716.3667343468817,-1.2238220715211472,9867572.451695401,-1055.2273959901793,894.4337598384355,-8.266737555804678,27301565.007245235,1827093.799141758,2478042.711174294,14.500712681190253,11.420302925082847,0.3264738278481643,-0.010358995845646566,0.169336184187499,1159.8957823382223,66.21246118251702,2.6444491135265165,32.499863171120154,1949.661155828615,109.84393448111936,-0.17555562620359363,21.03825393043507,8.444444444444445,14.555555555555555,14.659989964568094,15.762572659151157,7.481090966429462,6.6642030993193275,2134847.6945049115,8897170.40335508,26.21422238763749,84.12891228405003,1811490.7928833675,2417426.8525296827,575856.3036984369,4969102.589027733,671748.8265448982,1718427.03561316,694428.5952085579,1544101.6277173404,363773.7676285355,1463720.6557061733,139990.78729549324,453772.6951093623,-0.1498754683653636,-2.106868392156854,-4.041755894651848
S37,1,4,-185.3262152959029,809.8088730005092,-8.807838791899457,3603787.432163323,-437.43093603813185,828.2388407152905,-8.867486382712789,43967237.67578779,353633.6056092548,7940977.856332789,-4.236156805889481,8.016989956182835,0.788957350146013,-0.0164500778685327,0.5222277799371715,995.135088296412,39.03979097023459,13.3694361417295,231.9862982905154,1265.6697767534224,139.50757043194736,0.332856892296249,1.2633125525431055,0.0,10.666666666666666,11.59920769092709,14.88061717581292,11.49080751102721,5.890131666971586,326499.29586531164,12035929.183617726,0.6330535100410176,153.69144764003428,353461.075115157,7741612.12190134,43461.58270853234,5552331.04017523,46565.37349357953,4125910.3028349923,59062.02534461937,2201494.1268774173,111295.02287622589,1018860.2512721434,128332.80725413577,547725.9681573386,-0.08901879000550979,-2.6383794681057746,-4.290752976468108
S37,1,5,-868.7735588162366,1365.5345011089628,-17.1742239282445,11026386.794819295,-1484.6394511459862,1716.9739161114783,-22.012529703687665,85312102.36330105,1954546.3943429354,18853759.39135206,-3.851719695930347,6.231891117051337,0.6259081649555781,0.03312728508937923,0.43899554293515763,2234.3080599251994,67.86503065434758,8.27265830924127,219.1517825936787,3201.6133672574642,193.47335339857315,0.4011299035682745,10.24902221440873,0.0,10.888888888888888,13.155124469846218,14.36098075777295,9.377073580417198,6.462580791299662,2460433.825478033,21034593.209133342,1.4277794755105362,234.25713857480497,1914339.927105058,18740633.448372677,1270061.7893793096,8423727.577590365,746322.5038927769,7033091.875276197,506915.20037151506,4546247.009966977,278112.6924330489,2222760.6254924242,51203.59337974902,502767.89448940667,-0.05792373809571473,-3.002305221721823,-5.019829185157293
S37,1,6,-957.9009649812718,1153.2999113003768,-14.323215479477065,9082484.723918837,-862.5291543312605,593.4434417041331,-6.577740267378246,17775688.738547735,1687321.459117976,4054990.5298990454,-1.8664022353566,7.778895109509284,0.5257089698805697,-0.06940662479307244,0.22628282533843538,2111.2008762816486,61.89915488619961,4.130849132770537,199.06120634397024,1455.9725960353935,88.63994268384951,-0.6752610707976126,11.1634898657069,0.0,10.222222222222221,13.599665824383266,13.899932754698117,9.245801409393422,6.095449379253036,2101712.305618142,3779848.107367143,0.3013004779577198,46.23761031172065,1654209.5457140116,4032085.455011271,1079819.3780201573,2007624.0078690096,662365.9895937283,1247215.6428888422,437611.09850493073,685038.7892204623,227972.07385017845,517812.76323292777,30862.185632351993,92484.71351362103,-0.12986329593213355,-2.3078312227966786,-3.8028206365619734
S37,1,7,-902.8912745268324,236.65868381049754,-3.6864132803594085,3364279.690573062,-673.6558606823742,206.13846081162924,3.9277018499170064,5099310.902824932,564209.0232830005,855658.1111801736,11.177548308613567,6.797440293125156,0.5903190207277652,-0.03162905112978924,0.49500389252670923,1139.5499583373298,38.49215212428193,-15.207923824268255,325.2132236116156,879.7943214940034,47.444004462457464,-4.151074932804801,49.250704929457555,0.0,8.666666666666666,14.561596346004004,13.073524950315663,9.583940710691195,8.782361714786937,716932.868567313,813338.1650784555,0.29502833832838615,9.13655658192351,555831.7005616291,846759.2433520274,340087.31661735766,333444.64389156894,208164.39721361792,222478.69151594987,146436.73304003404,160765.916531435,98258.14584721185,143013.17673362105,43264.742652171204,103848.21739333832,-0.15022055634505882,-2.428105678207413,-2.97049197650125
S37,1,8,-582.0191852768969,123.43873225101828,3.178929994009748,2245997.660107758,-989.1014190281971,474.81540695583135,11.304384997909178,44851693.17179258,261672.12345904435,10625042.142653897,5.95363906666177,5.745678550190877,0.9532803267032204,-0.019646979469345842,0.8836349930265481,705.4579175279152,31.434305883275037,-9.244010393152685,141.28215136701144,1463.9168259840285,140.73484548593174,-0.4374877144149326,2.572850941442483,7.888888888888888,11.555555555555555,13.053832912393421,13.901475306292046,10.488304766650572,6.187917794453896,293231.9479145483,9458068.114929965,1.9414295455900672,131.80845980692797,258052.31724789037,10522875.47751471,74005.37989865088,3243781.404658512,59638.57632401464,3074070.8792209276,76061.86978200894,2491361.6863861014,69173.17941851185,1340392.3285577097,67058.84618334229,322990.05471848464,-0.08307767203845713,-2.7963173549183757,-3.979985076534737
S37,1,9,-1203.88954958558,294.5874056651762,13.69771211079467,7358037.321181784,-1452.545993768708,356.45686353465595,16.31973579504908,12661436.718964813,1088727.6011568403,2124417.195324551,-5.344664710796032,-2.151031605537918,0.9060927944806996,0.013750181410250641,0.9170186277498146,1498.4769552507562,55.52127062976779,-13.384873704099022,259.4629728165314,1809.002857303364,73.21865494536621,-10.236781894503626,180.74744258098772,0.0,0.0,11.695620796894739,12.11435077977973,10.215273189328988,9.532916411228193,968787.6916186296,1951334.6795763134,4.2972811089464305,13.875152717872048,1082312.4181579186,2101386.450348809,354783.68744939915,835985.8015134832,234932.84937848873,503934.9874730056,187121.4413009606,352073.7959683487,216935.8673278981,346947.855519489,149866.49473882897,215696.6369094567,-0.03957601382632677,-5.801070991783288,-3.3303997664505833
S37,1,10,-312.0545761606344,534.9868293682982,2.8275993323353545,18139043.50518665,-370.99203462732254,665.5620607662827,1.07768652717133,43017110.84891785,4597206.138223539,10223664.332892872,5.598253383866942,8.498746998098405,0.8829747616689694,-0.005475882835310851,0.8981366733504841,847.0414055289326,89.74297630139122,0.18767629289740284,1.125895804696139,1036.5540953936052,138.2662450658205,0.10131146736210414,-0.057938317099013315,10.0,9.777777777777777,13.622762937134098,14.006322533468717,5.582108914525226,5.715235023666677,3732188.6494137472,9393310.75911554,57.99785475557203,149.50617294736648,4544770.523921613,10057783.598003117,1640885.2024961102,4283042.711779445,1087357.2698419476,2396846.8684814,983205.5486563642,2439938.0510537806,324562.6540486461,1001695.4584117726,78531.93721992527,279043.4504942131,-0.022621541719576352,-4.506695374610055,-4.480060538781848
S38,1,1,-1840.7597315529651,2344.922249786072,1.3604225961213452,416756328.2022504,-1074.8714223607747,1470.8043979702743,12.720756896791734,101433863.13550104,79225603.68399182,21585192.74768907,8.050359964112761,9.75910677373231,0.554217590275564,0.16948984295535968,0.4284595755614488,4185.6819813390375,430.37563128843124,0.3158978515068546,6.271813113815176,2545.675820331049,211.94315108793748,0.30404534609155137,6.683357732949492,10.222222222222221,10.222222222222221,15.61339885717314,14.79099796073025,6.14777644507804,6.296559585337938,110979667.29970361,23184998.009154495,1494.0755347854692,344.8441527031315,79017334.58280684,21175598.121482942,34794856.919205956,7737242.8760579005,38220437.362181574,7991760.433664942,26918132.09688357,6760467.875205615,15160623.081763726,2712751.132066201,8122707.629394043,1659894.2848275846,-0.24851609366670757,-1.5521076455378906,-4.798561966141409
S38,1,2,-2175.814520518454,3967.0009336529447,-1.4079417980915225,220015196.00308794,-1250.0525267517141,2183.903086558311,-2.7925719517826404,82500606.62119,36534489.81770778,17233116.866868045,-10.56487088844268,-5.142547921386681,0.8046308688069507,0.25454582326508873,0.5233363184232812,6142.815454171399,312.70201351577697,3.4133276602088483,55.46663831631557,3433.955613310025,191.465761477029,2.3467782219793754,34.936903590256996,10.333333333333332,10.333333333333332,16.09031321006043,14.97113101120788,6.30553069315214,5.913635788999419,61625668.17792537,19977859.900465332,188.3562299881642,110.3206813248637,34890978.801623695,16528522.354155423,28413050.7847144,10082564.421615649,11603754.961595368,3849511.355345232,21358725.328848485,6445941.682904805,9450142.78984224,3138880.0449889554,3004147.347799535,647362.7535828558,-0.13757377913332047,-2.073891791695184,-5.865959797929296
S38,1,3,-2843.2174954876737,2093.980796833567,-15.79504305870359,169257087.8656236,-800.9515204496051,1441.2908384769485,-11.707286709197328,33479090.971046798,23290036.59765383,3511636.2934392523,15.415787162468295,10.066359836083459,0.584525753816351,0.3677832507249162,0.2786349187221043,4937.198292321241,273.8172547512214,0.11079109102643868,27.005453855135997,2242.2423589265536,121.41884295709856,2.152204484890157,37.96188449131374,11.11111111111111,11.11111111111111,16.424228957721155,16.98022275019462,6.230347491094257,6.93243542273411,54882693.99547611,10703939.430106118,651.1876066184597,111.00514639302985,23191742.854101866,3494311.9753226535,17333212.199335963,3979883.6707354644,19119828.721323922,3095364.155206796,12216161.539277961,3115485.565197396,7365402.059994701,1447773.6777528739,2893693.069678435,877070.3987090192,-0.28448530485285045,-1.464158676430469,-4.1149900210834245
S38,1,4,-1614.6300549983532,1710.4478453792592,2.0565857523437847,108674117.47497898,-1314.6789954154121,856.8303919713327,-9.662531329602084,42348784.26456928,23155856.549762487,6418722.075246614,26.16658565727372,14.401092004519882,0.5424288516872287,0.37632566296981607,0.6596561388038723,3325.0779003776124,219.76209459709057,-0.13035039115614305,26.916395232870148,2171.509387386745,136.8514427533323,-0.3863474772640104,21.439605957010464,10.11111111111111,9.555555555555555,14.399448710368002,15.725691568615684,5.7156393722677965,6.438419160332575,24911825.972050436,12072793.228905322,354.6541690377926,160.1307596302947,23024323.623671073,6305737.352898365,13088231.593280224,5451421.110835401,6568653.596100934,3142845.416703566,4899426.488770022,2605856.037110715,3755537.3402278502,2396026.0392762586,1021351.9611823866,580371.3618320212,-0.2821267935623273,-1.569314676861192,-3.279843740215516
S38,1,5,-1772.0678624181144,1239.7187560067318,19.262987644405914,122070640.43858525,-1487.5596675760198,931.4471068981094,4.904426844528739,67799272.91691881,18667338.249612782,14530670.671716442,11.7352720024965,20.218852108039258,0.47753257670765875,0.36599658198735335,0.2562656144553436,3011.786618424846,232.1261624197411,-0.6254440607749855,15.721251679266839,2419.006774474129,173.51932682737078,-0.10026241013766009,16.21318402347172,10.555555555555555,10.333333333333332,15.527742654197635,15.0062856848193,6.721783887167926,5.928048996678755,34621787.027491376,16122883.932979818,452.49430955343973,260.3865704288392,18500066.63363404,14076665.584734172,14871589.921070335,5092348.968331922,9638820.87528305,7576563.438759318,6924318.428391986,2753693.666847458,4992579.917637106,2247943.547976675,2350384.830106593,927548.5757140021,-0.2178439582259233,-1.8048885617250947,-3.4655348019200414
S38,1,6,-1481.7172230982926,1610.1394062723627,17.958312337272464,55879926.75527742,-1263.632881272831,752.3443619460006,10.240374916056592,41084054.65205378,10167863.60908783,7868986.506044462,8.807828393480227,11.650416391574737,0.4290831700484883,0.4044839898821649,0.10617610939832574,3091.8566293706554,156.56635021722417,-0.5994393717483586,46.36498521897337,2015.9772432188315,134.73943211597648,-1.721435367340419,22.312422830403584,0.0,11.555555555555555,14.664749086638832,15.827197025833847,6.853195509610941,6.595857025798724,14558913.166004458,11234836.731023146,150.10373365412406,141.21742940218195,10063005.431451999,7785305.411523597,7304139.619471809,3617176.737225581,3877286.239876381,2391956.2403505975,2531020.28798649,3480818.8110588947,2261993.685319302,1880234.4840526474,587333.6445508902,716330.1379245623,-0.2944021565515166,-1.5925513549211776,-2.9639007578870133
S38,1,7,-2100.326012094438,1470.0882243549988,8.130451762048706,139575481.60724747,-891.3189932387771,705.0477301157463,10.782096782887775,39947322.27949189,22632617.961650353,6888503.961602385,21.279156461414143,12.304178445886912,0.5340568415762781,0.375540799215664,0.5066029189187713,3570.4142364494364,248.93260761729042,-1.1151740454903174,19.802334871535386,1596.3667233545234,132.8085533635405,-0.9982110700940464,14.261852625318781,11.0,13.666666666666666,15.895761389122425,15.660149061353529,6.189752695264611,6.98933191928073,43825721.85438097,11637663.274919942,498.9267527623587,124.30988171680052,22421557.94907595,6783551.86335995,17896378.710061904,4750664.915362655,7992433.661815437,1795340.3645395064,9892412.503007444,2441705.4892450254,7833456.883823073,3034172.7679276667,1431948.2894086519,259268.32806470065,-0.26351945608745775,-1.5806437543306242,-3.6568079614556095
S38,1,8,-600.621456551395,882.0191040403504,-3.524595107472676,7593709.864171298,-655.6966536742157,744.2176379978251,7.118542552082036,8714273.754073586,1012453.5246484639,1901733.0826552266,11.097348364481137,9.078641191640976,0.8840505056988246,0.8615354932455115,0.2501056951243536,1482.6405605917453,57.98757962859193,4.905314185220673,92.60381593293218,1399.9142916720407,61.82505082327257,-0.24574843360502524,75.63767494238846,9.777777777777777,10.444444444444445,13.954370031559074,13.17370716941959,8.949738523316036,5.8794990993290925,1460721.498041915,1856336.9697469024,20.85326647569443,36.03952848200222,998735.1173145549,1900509.8015951535,725474.1821364224,1270453.3561621958,449655.0945676444,643872.220388038,209532.6615282036,200531.6106917238,146446.75164739997,60854.13579157032,206586.33664690057,58873.57523930339,-0.6364394133970219,-1.0865988401772326,-2.0139175617904814
S38,1,9,-1189.220930421109,1138.5492250942673,-2.566741485259697,22749918.373535197,-683.8787337337224,636.547173051454,7.298306247184033,10293969.977642639,2605435.8814525856,1462425.492530024,9.622718687850458,8.484078455013632,0.5366945542359807,0.15569475149379305,0.33653898785845093,2327.7701555153762,100.52107575444147,0.09058246173447393,53.538635051524786,1320.4259067851763,67.24457222529925,-0.6418944119669735,35.422967445444925,15.777777777777777,13.333333333333332,15.618330356864632,14.92041306711135,6.551151321267773,6.39612950003987,6888747.598008709,2945930.5626845337,78.0286603678938,31.235606059345056,2387696.3152975636,1366717.764342514,4357427.040558402,2010686.5308446672,1013232.2150405833,393469.9603122852,1298256.5180435602,799832.4501439742,1111998.4292921938,268253.6273072995,241516.1180869873,102554.25770256668,-0.21350177557124933,-1.747426394202065,-4.015855300211238
S38,1,10,-2187.0447247350257,1616.3679536823595,-37.01970716751226,286055359.3324356,-1203.353206393729,946.4644503859402,-0.44792848422856835,59033444.82914779,56284163.61424328,11867542.256872056,5.000597759615417,2.043739333173942,0.5460086835766924,0.27350894705071155,0.5524322968731522,3803.412678417385,354.63397544523554,-0.06853285553046153,8.0348307099086,2149.817656779669,161.97804156985404,-0.3830109425643166,16.13275592517807,10.777777777777777,10.777777777777777,14.8434349191451,14.850751775032714,6.461515296436649,5.8488825749088384,72645753.8406275,15020288.419206938,973.1638595660286,150.41508599514307,56179721.88705433,11760322.33051667,23255673.461706605,6426859.905094934,24139048.155259613,4531766.415679694,19718530.508186754,3221077.042552894,8150470.374281706,1446970.4111118405,3929170.17678077,917580.7900297133,-0.2694898544880753,-1.5335981491877493,-3.8886467720768625
S39,1,1,-129.42308771902606,105.29349467048266,-1.1406573970256435,1204080.1602833471,-214.81833401891737,109.25553789370747,-0.34722375714559994,2205225.435227203,219169.2626557313,367983.79851767037,10.656794584841938,11.361992350880124,0.4838171715988909,0.2499236032986257,0.49598825004107183,234.71658238950872,23.10509983978257,-0.00455755866389054,4.462759425631498,324.07387191262484,31.304626320989467,-0.7032586678787682,5.820463777725196,11.11111111111111,10.666666666666666,15.79757825264837,16.02738373600507,6.512897105229185,6.386730285999579,324575.16742056643,603064.8578132149,4.273022477575145,8.18658259834359,209182.99511614288,364812.27239495027,126545.54083819802,226711.51539456352,84114.97320127809,159907.62440937737,62768.36582080505,119258.19960105528,76480.60166503716,152593.3791155549,23432.70382032115,38689.55672883894,-0.09776101329253369,-3.4379405665256786,-2.796822320523622
S39,1,2,-154.9814995946483,214.44131942703717,-1.0191133854669863,2404704.3978495304,-194.7822427249078,136.05434830626723,-1.7585949436080923,2720949.543139452,280648.4658693015,417090.2897263009,20.507142276344766,16.77138160130513,0.6292734332740184,0.26162510846014886,0.5452896405271633,369.4228190216855,32.67596850994487,0.46739886587255586,7.93064370746133,330.83659103117503,34.73065291477105,-0.0011741530623635647,5.228301903352458,15.333333333333332,10.0,16.30016379442784,15.70544631292341,5.817510311210045,6.022864653457095,826456.5006818225,847222.0967655623,8.697133382553774,8.838693110078212,274673.69194766425,412499.83614126116,393249.07391450537,369314.5546124406,232144.90321856205,272356.5163079633,126646.16237604973,117337.00413227132,114274.58402565055,121768.06024227392,40348.42515339797,40464.45909218472,-0.08229743651998735,-4.020415140226927,-2.7959554994546783
S39,1,3,-251.0541917172015,312.02835574932334,1.5380882938012161,8043354.816521343,-253.23096815074314,237.3694621814489,0.9330296497407012,7348926.433289025,1448017.914016503,1488706.1645318344,9.832915664883824,9.25486475998278,0.6984141341182589,0.16679115474790301,0.7889767119739121,563.0825474665248,59.770048078438464,0.10638049256359518,1.7058147291227437,490.60043033219205,57.1429696601335,-0.049657306593558104,1.2518021712866982,11.444444444444445,12.555555555555555,15.034145686584713,14.76627702216951,5.575045297412018,5.513595711023331,2073504.61814056,1673207.3230153143,30.55454728467731,27.280928698699885,1340321.0278387326,1401125.815304955,1185274.5379621594,1119457.216657549,628344.3991965805,422011.65120319196,418420.5788681627,330762.3549077222,285858.58748316724,279210.1084924986,79084.61052772614,72020.66257533574,-0.12129236588943952,-2.9886852411266025,-2.7508827687541433
S39,1,4,-100.3431380982589,121.96475124712816,-0.36077646897910615,345749.0901096201,-119.351509329552,206.02619819142438,-1.4419041309487308,669395.3635356545,62286.54685094559,134620.92859114616,14.322577652807183,9.760327467690237,0.6168896045190707,0.29346275255382714,0.3265764953421388,222.30788934538708,12.390968590484492,0.5808583217713669,26.088321128922303,325.3777075209764,17.188076184885958,1.9435818588831066,34.597319484219796,9.333333333333332,10.11111111111111,15.751236475595533,15.456947497376236,6.192644134567703,6.870500565680937,102936.9167176275,164986.91983443662,1.3030978971693916,2.084478253738086,61885.504356208156,126755.42626024836,35055.10638645334,59795.8205730989,34671.78960911163,32161.28768359983,18591.330277210873,54017.66309007001,13014.848527439795,34447.212961397774,7136.80148642558,10637.953485454469,-0.12795159556177355,-2.9784987016634097,-2.6702504294418077
S39,1,5,-137.90697086167492,100.54216422008993,1.6057366221744456,542170.5939729883,-151.62646155601448,140.1543055060797,0.6046179550736478,588757.4554038153,116929.16796056494,103555.36415167426,0.4378752673463717,3.070611531052898,0.7334319416777587,0.3984048087138236,0.4423319292695414,238.44913508176484,15.439764192909394,-1.5490302625107732,23.3055058224041,291.7807670620942,16.164913154974762,-0.392986504247462,30.87611773782318,10.777777777777777,10.777777777777777,14.344241200903875,13.971213728853849,6.4040269448059455,5.2179330940787425,131030.2540311528,146445.30466914733,1.9132761946181445,2.5356662167447253,112306.24706401736,100966.85458781908,41655.94241077476,100984.46293884955,67752.09636457212,37436.09198278219,25691.70165964181,24724.570890438736,7811.387694802983,9584.089959960102,6748.577318914538,5520.634190895306,-0.10722440413268056,-3.401219622239309,-2.6832110830526577
S39,1,6,-120.65453181067708,184.7458043341744,0.12766993364929946,885315.9441892619,-113.94937889837703,84.74732985997893,1.3558424546090813,597134.0492313978,155927.3231301811,111253.84332350479,11.38406886197405,9.273998357502553,0.5710865838898652,0.20167470749199015,0.512047226418743,305.4003361448515,19.835761980852848,1.125019137994391,22.76609613029263,198.69670875835595,16.234364847686212,-0.8525480431462517,11.763891417303084,10.222222222222221,10.333333333333332,14.386513481420169,14.447753398425752,5.100709445661449,6.254854126494366,238387.1262361134,156172.9389687095,3.6978368730155866,2.115725088546718,152344.7790758475,108870.48127704563,112687.97781309363,67352.48543819382,114155.44747980793,71200.1127028745,29045.940309213292,21161.99032635765,10647.804474009365,9268.16986764601,8452.012745882545,9680.815370592252,-0.12582390657440143,-3.3567670069064186,-2.48432097998728
S39,1,7,-126.59826407004988,184.76055924326937,-1.2993653606890612,998313.1096424926,-121.5568595132067,173.74645186533442,-0.4192022446575046,665105.3826931571,201608.50745152734,138012.40304527912,8.567863557074558,9.155475266566674,0.5765705065624631,0.3479158633055833,0.7292178922306609,311.35882331331925,21.023947418505994,0.6507373939252485,16.345140879093165,295.30331137854114,17.187980154344604,1.0786118487927794,19.77506974736487,11.0,11.0,15.059598440073758,15.560864671908062,5.711638959383185,5.9401771040391775,263885.63066663063,168453.70268782182,3.081918461425257,2.0635383438939643,200549.3778728008,137444.82266714127,88457.05377631387,41742.77790800433,111187.52369562542,77945.14593421954,52562.07235079583,36148.32342471459,29136.040628901465,25618.029143665644,5379.494712038425,7590.546947905411,-0.17101877689165879,-2.9068212629281436,-2.277452747396642
S39,1,8,-27.001249102437832,40.15445523991435,-0.26779990579231827,130357.87536019273,-59.72615954430506,130.54638570541678,-1.5817805991682354,194766.07188560697,45875.843897517276,51720.58193058147,4.823556105054228,2.3016612313733624,0.325549297881781,0.024553771490562273,0.22366174263212343,67.15570434235218,7.60691242909215,0.034026363822911444,1.006280240550809,190.27254524972184,9.16846054427461,3.4594927919912046,50.0129191336823,10.777777777777777,0.0,12.240854750665084,12.411945445710092,4.662924854407028,7.515106234801432,14365.847936120437,31410.241405520053,0.4632915500579253,0.38615354200981733,44956.12343376056,50662.34400946572,9713.550446267645,15084.417709066145,3802.6729733790157,9598.503942301015,3458.621272331661,7060.042080006707,1688.5969259836347,3820.554471481749,361.5983560620969,940.7569846123861,-0.20495735816528418,-2.1170931937778423,-2.7343392498348558
S39,1,9,-281.2732677830575,207.9456274985029,-0.06550798523567458,5680170.639893534,-233.09289371108935,229.40141441118837,-0.6027495233701857,4621252.338257244,2018259.4158364339,1564077.629507139,12.980730031871229,13.132225576632703,0.6954721055255673,0.1435200335987332,0.882143815620008,489.21889528156044,50.244561826141904,-0.280747320079464,1.876387134221999,462.49430812227774,45.3158539710597,-0.19946052602168535,2.191894845266014,10.444444444444445,10.444444444444445,12.458901631160687,12.409891968610019,4.430198601822977,4.38011608787416,702511.0896381605,608505.2467003595,21.983767107511664,18.004585449073534,1979514.0290869942,1502938.720264043,236787.09916130418,312390.571295754,349141.87170685903,230337.68827136885,145384.12607003906,142014.69472176948,66323.96018045876,51056.37520437471,28602.609982585425,16205.214911823494,-0.1391280627533486,-2.801411795205258,-2.6713451058189017
S39,1,10,-145.45983777130039,169.12195817848428,-1.4864035116127103,3089613.3621803187,-147.01718882543784,222.34733228162747,-0.11558456591992343,3607282.1429748503,787613.9361072525,944132.3656673128,11.514225381683712,6.187660655739733,0.5561537260695003,0.1964269496841249,0.7865718726715265,314.5817959497847,37.026370317694244,0.2246945837655415,2.1517025935715948,369.36452110706534,40.04026908247425,0.3930060790759031,2.4486843802231144,10.222222222222221,9.777777777777777,14.214188354994542,13.71254586090365,5.388364798836956,5.632313452819058,667020.3240767712,682610.6356850322,12.322056130303585,13.079551455374341,752531.5164227481,913878.4352688284,273262.1095670446,324116.11146031384,264108.25746443623,224614.0683829051,144011.98869218526,150381.23740193684,60353.19833095861,81678.15831121075,28069.655115542577,38953.35719244326,-0.11460185572446777,-3.2512811513619453,-2.665647118163699
S40,1,1,-494.5731810911761,117.43328269193417,-0.9324427012550491,2159876.90453042,-695.7706948020848,167.0433002129749,-1.348805187831105,4073003.9948824984,464728.0851512739,872323.7586692665,12.640615593353017,12.243690874504109,0.9911688910599284,0.006399977379998069,0.9847325274253149,612.0064637831102,30.968949635260234,-4.941170940062498,68.39628596513917,862.8139950150597,42.5253421184455,-5.290346530450479,75.37718077029432,10.555555555555555,10.555555555555555,14.390989331404429,14.465990201670493,8.031693558543326,8.122547984709733,432800.243441489,826194.8926446497,4.535338274219273,8.194371356487672,444732.1552208537,836109.973101547,152015.65062971835,287427.55382978596,143884.4681869475,273248.82080704044,87227.24561010326,162737.20249213633,72214.05595602766,140570.816165137,35773.11471908004,68563.49055121039,-0.014813280149775229,-6.322238563920915,-4.349893707927904
S40,1,2,-164.86713363084334,667.242481781623,-7.544112212376116,1890376.1071861286,-247.96480401062468,992.4859040421943,-11.416169690543986,4195295.490598457,256338.2578080059,584048.7467606864,-16.45031678560412,-17.587235219398874,0.4014765232967146,-0.007866466408088277,0.9208633958253402,832.1096154124664,27.986666998348838,17.581957880479603,376.8664143328095,1240.450708052819,41.64428944280378,17.550389613940172,376.628505211142,0.0,0.0,11.9102648557083,11.887376382983321,10.492015027067078,10.456456956882326,289348.4458564293,642734.303298335,0.1236899620999503,0.19118509363279992,250341.18180829397,571240.5148888715,119247.62044126067,263588.00446407584,73077.00948804204,170006.0153821271,61948.790494453046,135209.96918052356,51301.85944201294,114008.1045795101,33865.30714762763,73125.54062735519,-0.2087056231203568,-4.1996116313463,-1.7523591293134009
S40,1,3,-958.4945813481459,562.9928420452694,11.768231681356335,5142390.979345582,-1366.845806084079,810.5667290981736,16.718849809478243,10529521.952597346,908254.6195732477,1910117.609025825,-4.568366373992339,-4.541092728146215,0.7571612428609348,0.040551389396797914,0.944191566247784,1521.4874233934152,46.33590211731386,-9.55192563466899,236.6388294101508,2177.4125351822527,66.3345128536859,-9.371503138531398,233.72840865742808,0.0,0.0,13.045456294594207,13.032004458752684,9.447185569827672,9.428523548649093,1111756.2424728144,2247172.156806459,0.37315452813530153,0.7492310015933412,883210.7349653837,1856559.6445457875,562645.010360694,1129942.1047008717,357271.66854214005,724106.6504951131,229395.61493181332,464388.0247429432,125634.95086988491,258717.09274691634,26152.13341621267,54444.52263455712,-0.0077013836807199405,-6.08887863816309,-5.220643000969906
S40,1,4,-89.737407721457,332.1997616055097,-2.4787114157370516,884008.71838655,-134.21913365933375,503.24970014719827,-2.926231804023073,1621241.1199913977,104223.55312100773,180082.70404960445,2.812410682342538,4.431741510935353,0.9065881522885618,-0.02701372202429011,0.8913651575812491,421.9371693269667,19.665928746053424,8.49508607371157,118.50497184504,637.4688338065321,26.683117814719285,10.165012587476456,158.82386749600516,0.0,0.0,12.56442905483097,12.754096729467594,10.684760614069626,10.966873716587607,105091.36178762405,190815.5345048666,0.6435360447478007,0.9264051708346819,102780.15778617392,178980.4098252339,25101.22369373886,39605.11948974187,26589.67274606239,44721.94517972442,18913.855864013574,34622.24977000984,26272.05915404717,50157.14153895638,27516.972750711382,53771.84270528939,-0.16007256855862068,-5.006630891727705,-1.9574035255678173
S40,1,5,-177.40631635143632,713.8560110201993,-8.114363360327415,2251426.3087123465,-246.3767608372844,993.7346363042438,-11.328659997495311,4308901.7508570235,270836.16781881,526721.5743679693,-12.437458014913258,-13.921804864799673,0.4017489137816271,0.018513751200225075,0.9260764471648266,891.2623273716356,30.574352360104726,16.719695776183137,349.3999830548158,1240.1113971415282,42.269716198319735,17.032735630070487,359.0002707033618,0.0,0.0,11.38582478646712,11.378024814670193,10.862630836654704,10.844605916579052,264486.9505549237,509135.0157983481,0.16414453238634857,0.21270839766588787,266762.71615215525,519296.96090462356,83509.57330365012,161973.09644106892,55358.95919825304,112451.19856256545,53383.810406265366,106361.21924504093,64900.8562132169,120857.21946168815,55954.05746991202,104434.42295094197,-0.03506053878604246,-7.198665956825753,-3.3900955525918235
S40,1,6,-889.6431301753656,471.99030522352683,10.734252617335235,4230572.639783463,-1291.4701496900939,696.9258792062546,15.85947196712157,8985457.210073546,765095.1070406241,1609219.2305906115,-5.43033654184173,-5.268485067680542,0.44736677848705914,0.06093721870212544,0.9052755603767972,1361.6334353988925,42.01226401085354,-10.74913784912544,250.8130417476892,1988.3960288963485,61.17200083971874,-10.571202557007013,248.7869471074246,0.0,0.0,12.973752904250802,12.9411675596598,9.542692784364299,9.55297863426079,889754.8390789651,1884981.9940718005,0.2789506831878903,0.6230174496276202,751084.2820035048,1569582.5651552635,433126.56142907095,946688.3440270519,277813.9460700258,584338.2416001493,185641.7245611193,398083.74764875893,108257.83207776655,224131.2945426844,24739.192308445115,54189.952784876325,-0.025274236455155332,-5.125924263417866,-3.962432858099828
S40,1,7,-137.03155268776592,550.1487999311058,-6.464215173545559,1441383.9153321583,-187.30630904263248,754.4059463301354,-8.885750560259927,2659687.0263987957,211704.39868665976,387187.3974957844,-7.638623400248617,-8.436882777142042,0.8030326294937811,0.016704869239726024,0.9020028996799889,687.1803526188718,24.47098272793846,14.800085289867075,301.3328505694906,941.7122553727679,33.213349120869296,15.318518637995536,314.11322796782434,0.0,0.0,12.529805660202026,12.354725037419541,9.998093501700511,10.098059896133075,270098.60165641946,473800.8588362271,0.4949581280718478,0.7928556066226459,202620.97124092447,374425.2502151419,120778.61621643556,199052.2827735935,74122.21217127575,131337.2545123636,59887.012858594244,104675.39695273308,42406.42160455973,82767.99536993637,20139.567069586,36885.91761177173,-0.07945186222766562,-5.663740255315683,-2.618556848354816
S40,1,8,-476.4331123799512,892.2130788195898,-10.730277515740278,4294874.376917098,-688.5727933467758,1302.1762190778409,-15.635774882645725,9296988.02808437,749145.4540070053,1637550.99346142,-5.095041433535535,-4.72913109453606,0.8127489830735201,0.03197946716154492,0.8878999170525957,1368.646191199541,42.35202711609914,10.541528114473968,245.8281433061927,1990.7490124246167,62.34995768216554,10.304605344131032,236.46761967024648,0.0,0.0,13.059978351230875,13.102418874905448,9.48920805415992,9.442341827690697,938623.6692361304,2032233.4453644638,0.46547778289468944,1.6764428449060083,732965.0391520225,1596553.5976952459,478970.39983701124,1031408.9576078871,283228.6072012969,631924.8802881679,184337.77485136373,375227.16857489327,110741.60303444274,252744.49287109677,26035.59721393791,57940.380468666626,-0.028755780603480788,-5.131227244862634,-3.797045503372393
S40,1,9,-623.5837115705899,360.95859534271506,7.550346703169542,2309183.935620817,-867.0890670071419,496.5116260670656,10.499507531849803,4592114.62976248,398739.5867575148,779249.981871785,-3.2712891016095598,-2.9140576240933083,0.8959202075382074,-0.030038786327273827,0.9216770546328981,984.542306913305,31.133522705421026,-8.742530980346219,205.68021849131975,1363.6006930742076,43.93973346572121,-8.45337076620153,193.45554516883678,0.0,0.0,13.213976644191279,13.288967644903739,9.226227698061196,9.179247979635718,517889.73813934636,1047418.4246233323,0.7986002098538602,2.048976880685662,389406.61850626045,762305.7617702237,280914.2442133075,561619.9453170622,157287.9966197522,313067.2683795765,102447.66977535762,212244.64951990364,56448.046780366065,115167.29170571068,13594.758444704532,27605.32646932511,-0.031651652622418994,-7.6397369478050505,-3.4843063927990343
S40,1,10,-533.597159078124,402.1310930252085,6.517490826977892,1870900.243290993,-805.6976267102632,594.1886844107428,9.893470917129902,4276487.071211667,344183.0751204018,793686.0175465106,-2.219434905121387,-2.256820429097022,0.8503138751428552,-0.008449934849902929,0.926649814507922,935.7282521033326,28.08974069942085,-5.4512424116138165,192.52511857447243,1399.886311121006,42.459158655706105,-5.692104922041036,189.01812643793758,0.0,0.0,13.649652445569691,13.563429895459135,9.255404745196905,9.193094183600861,439706.38794633874,1001549.2787630969,0.3338128093908328,0.9133161174687429,335312.29307323555,773622.5750588455,214134.46108277017,493782.3373992085,146028.05392447062,322096.10127199494,89459.49548452889,199482.99769269995,49615.977883376734,111951.78107472691,7161.768097786308,17253.771439376138,-0.23044948748664906,-4.094493699979011,-1.6651659260129144
